[{"model": "auth.permission", "pk": 1, "fields": {"name": "Can add log entry", "content_type": 1, "codename": "add_logentry"}}, {"model": "auth.permission", "pk": 2, "fields": {"name": "Can change log entry", "content_type": 1, "codename": "change_logentry"}}, {"model": "auth.permission", "pk": 3, "fields": {"name": "Can delete log entry", "content_type": 1, "codename": "delete_logentry"}}, {"model": "auth.permission", "pk": 4, "fields": {"name": "Can view log entry", "content_type": 1, "codename": "view_logentry"}}, {"model": "auth.permission", "pk": 5, "fields": {"name": "Can add permission", "content_type": 2, "codename": "add_permission"}}, {"model": "auth.permission", "pk": 6, "fields": {"name": "Can change permission", "content_type": 2, "codename": "change_permission"}}, {"model": "auth.permission", "pk": 7, "fields": {"name": "Can delete permission", "content_type": 2, "codename": "delete_permission"}}, {"model": "auth.permission", "pk": 8, "fields": {"name": "Can view permission", "content_type": 2, "codename": "view_permission"}}, {"model": "auth.permission", "pk": 9, "fields": {"name": "Can add group", "content_type": 3, "codename": "add_group"}}, {"model": "auth.permission", "pk": 10, "fields": {"name": "Can change group", "content_type": 3, "codename": "change_group"}}, {"model": "auth.permission", "pk": 11, "fields": {"name": "Can delete group", "content_type": 3, "codename": "delete_group"}}, {"model": "auth.permission", "pk": 12, "fields": {"name": "Can view group", "content_type": 3, "codename": "view_group"}}, {"model": "auth.permission", "pk": 13, "fields": {"name": "Can add user", "content_type": 4, "codename": "add_user"}}, {"model": "auth.permission", "pk": 14, "fields": {"name": "Can change user", "content_type": 4, "codename": "change_user"}}, {"model": "auth.permission", "pk": 15, "fields": {"name": "Can delete user", "content_type": 4, "codename": "delete_user"}}, {"model": "auth.permission", "pk": 16, "fields": {"name": "Can view user", "content_type": 4, "codename": "view_user"}}, {"model": "auth.permission", "pk": 17, "fields": {"name": "Can add content type", "content_type": 5, "codename": "add_contenttype"}}, {"model": "auth.permission", "pk": 18, "fields": {"name": "Can change content type", "content_type": 5, "codename": "change_contenttype"}}, {"model": "auth.permission", "pk": 19, "fields": {"name": "Can delete content type", "content_type": 5, "codename": "delete_contenttype"}}, {"model": "auth.permission", "pk": 20, "fields": {"name": "Can view content type", "content_type": 5, "codename": "view_contenttype"}}, {"model": "auth.permission", "pk": 21, "fields": {"name": "Can add session", "content_type": 6, "codename": "add_session"}}, {"model": "auth.permission", "pk": 22, "fields": {"name": "Can change session", "content_type": 6, "codename": "change_session"}}, {"model": "auth.permission", "pk": 23, "fields": {"name": "Can delete session", "content_type": 6, "codename": "delete_session"}}, {"model": "auth.permission", "pk": 24, "fields": {"name": "Can view session", "content_type": 6, "codename": "view_session"}}, {"model": "auth.permission", "pk": 25, "fields": {"name": "Can add Token", "content_type": 7, "codename": "add_token"}}, {"model": "auth.permission", "pk": 26, "fields": {"name": "Can change Token", "content_type": 7, "codename": "change_token"}}, {"model": "auth.permission", "pk": 27, "fields": {"name": "Can delete Token", "content_type": 7, "codename": "delete_token"}}, {"model": "auth.permission", "pk": 28, "fields": {"name": "Can view Token", "content_type": 7, "codename": "view_token"}}, {"model": "auth.permission", "pk": 29, "fields": {"name": "Can add token", "content_type": 8, "codename": "add_tokenproxy"}}, {"model": "auth.permission", "pk": 30, "fields": {"name": "Can change token", "content_type": 8, "codename": "change_tokenproxy"}}, {"model": "auth.permission", "pk": 31, "fields": {"name": "Can delete token", "content_type": 8, "codename": "delete_tokenproxy"}}, {"model": "auth.permission", "pk": 32, "fields": {"name": "Can view token", "content_type": 8, "codename": "view_tokenproxy"}}, {"model": "auth.permission", "pk": 33, "fields": {"name": "Can add landlord", "content_type": 9, "codename": "add_landlord"}}, {"model": "auth.permission", "pk": 34, "fields": {"name": "Can change landlord", "content_type": 9, "codename": "change_landlord"}}, {"model": "auth.permission", "pk": 35, "fields": {"name": "Can delete landlord", "content_type": 9, "codename": "delete_landlord"}}, {"model": "auth.permission", "pk": 36, "fields": {"name": "Can view landlord", "content_type": 9, "codename": "view_landlord"}}, {"model": "auth.permission", "pk": 37, "fields": {"name": "Can add payment", "content_type": 10, "codename": "add_payment"}}, {"model": "auth.permission", "pk": 38, "fields": {"name": "Can change payment", "content_type": 10, "codename": "change_payment"}}, {"model": "auth.permission", "pk": 39, "fields": {"name": "Can delete payment", "content_type": 10, "codename": "delete_payment"}}, {"model": "auth.permission", "pk": 40, "fields": {"name": "Can view payment", "content_type": 10, "codename": "view_payment"}}, {"model": "auth.permission", "pk": 41, "fields": {"name": "Can add payment type", "content_type": 11, "codename": "add_paymenttype"}}, {"model": "auth.permission", "pk": 42, "fields": {"name": "Can change payment type", "content_type": 11, "codename": "change_paymenttype"}}, {"model": "auth.permission", "pk": 43, "fields": {"name": "Can delete payment type", "content_type": 11, "codename": "delete_paymenttype"}}, {"model": "auth.permission", "pk": 44, "fields": {"name": "Can view payment type", "content_type": 11, "codename": "view_paymenttype"}}, {"model": "auth.permission", "pk": 45, "fields": {"name": "Can add property", "content_type": 12, "codename": "add_property"}}, {"model": "auth.permission", "pk": 46, "fields": {"name": "Can change property", "content_type": 12, "codename": "change_property"}}, {"model": "auth.permission", "pk": 47, "fields": {"name": "Can delete property", "content_type": 12, "codename": "delete_property"}}, {"model": "auth.permission", "pk": 48, "fields": {"name": "Can view property", "content_type": 12, "codename": "view_property"}}, {"model": "auth.permission", "pk": 49, "fields": {"name": "Can add tenant", "content_type": 13, "codename": "add_tenant"}}, {"model": "auth.permission", "pk": 50, "fields": {"name": "Can change tenant", "content_type": 13, "codename": "change_tenant"}}, {"model": "auth.permission", "pk": 51, "fields": {"name": "Can delete tenant", "content_type": 13, "codename": "delete_tenant"}}, {"model": "auth.permission", "pk": 52, "fields": {"name": "Can view tenant", "content_type": 13, "codename": "view_tenant"}}, {"model": "auth.permission", "pk": 53, "fields": {"name": "Can add tenant property rel", "content_type": 14, "codename": "add_tenantpropertyrel"}}, {"model": "auth.permission", "pk": 54, "fields": {"name": "Can change tenant property rel", "content_type": 14, "codename": "change_tenantpropertyrel"}}, {"model": "auth.permission", "pk": 55, "fields": {"name": "Can delete tenant property rel", "content_type": 14, "codename": "delete_tenantpropertyrel"}}, {"model": "auth.permission", "pk": 56, "fields": {"name": "Can view tenant property rel", "content_type": 14, "codename": "view_tenantpropertyrel"}}, {"model": "auth.user", "pk": 1, "fields": {"password": "pbkdf2_sha256$216000$qMRH8szID7Z8$Vljya2V3XfruOHuvx1hGz9ZyKg4bxbw7rc2WO0gTR7I=", "last_login": null, "is_superuser": false, "username": "will@will.com", "first_name": "Will", "last_name": "Bishop", "email": "will@will.com", "is_staff": false, "is_active": true, "date_joined": "2020-08-28T14:51:39.989Z", "groups": [], "user_permissions": []}}, {"model": "auth.user", "pk": 2, "fields": {"password": "pbkdf3_sha256$216000$qMRH8szID7Z8$Vljya2V3XfruOHuvx1hGz9ZyKg4bxbw7rc2WO0gTR7I=", "last_login": null, "is_superuser": false, "username": "me@me.com", "first_name": "Coach", "last_name": "Steve", "email": "me@me.com", "is_staff": false, "is_active": true, "date_joined": "2020-08-28T14:51:39.989Z", "groups": [], "user_permissions": []}}, {"model": "auth.user", "pk": 3, "fields": {"password": "pbkdf2_sha256$216000$DOZXHPZfMRyu$xL/OQozHdyaHYNkGncXSyifWYvrI422aaWWhDKTEroA=", "last_login": null, "is_superuser": false, "username": "madi@madi.com", "first_name": "", "last_name": "", "email": "madi@madi.com", "is_staff": false, "is_active": true, "date_joined": "2021-03-22T18:07:53.490Z", "groups": [], "user_permissions": []}}, {"model": "auth.user", "pk": 4, "fields": {"password": "pbkdf2_sha256$216000$ewfM5MFJfV2B$bNVoG8tUv4JH8Od0ctYiUSsYVND2Vnn96qVQYcQtNTI=", "last_login": null, "is_superuser": false, "username": "linds@linds.com", "first_name": "", "last_name": "", "email": "linds@linds.com", "is_staff": false, "is_active": true, "date_joined": "2021-03-24T18:33:04.532Z", "groups": [], "user_permissions": []}}, {"model": "auth.user", "pk": 5, "fields": {"password": "pbkdf2_sha256$216000$8OFtLOvYoC2v$GAU4MM6W37d74tCYXIsmauOEwERyGYItxsxrVqVpUhc=", "last_login": null, "is_superuser": false, "username": "kevin@kevin.com", "first_name": "", "last_name": "", "email": "kevin@kevin.com", "is_staff": false, "is_active": true, "date_joined": "2021-09-19T23:11:51.454Z", "groups": [], "user_permissions": []}}, {"model": "contenttypes.contenttype", "pk": 1, "fields": {"app_label": "admin", "model": "logentry"}}, {"model": "contenttypes.contenttype", "pk": 2, "fields": {"app_label": "auth", "model": "permission"}}, {"model": "contenttypes.contenttype", "pk": 3, "fields": {"app_label": "auth", "model": "group"}}, {"model": "contenttypes.contenttype", "pk": 4, "fields": {"app_label": "auth", "model": "user"}}, {"model": "contenttypes.contenttype", "pk": 5, "fields": {"app_label": "contenttypes", "model": "contenttype"}}, {"model": "contenttypes.contenttype", "pk": 6, "fields": {"app_label": "sessions", "model": "session"}}, {"model": "contenttypes.contenttype", "pk": 7, "fields": {"app_label": "authtoken", "model": "token"}}, {"model": "contenttypes.contenttype", "pk": 8, "fields": {"app_label": "authtoken", "model": "tokenproxy"}}, {"model": "contenttypes.contenttype", "pk": 9, "fields": {"app_label": "crosscheckapi", "model": "landlord"}}, {"model": "contenttypes.contenttype", "pk": 10, "fields": {"app_label": "crosscheckapi", "model": "payment"}}, {"model": "contenttypes.contenttype", "pk": 11, "fields": {"app_label": "crosscheckapi", "model": "paymenttype"}}, {"model": "contenttypes.contenttype", "pk": 12, "fields": {"app_label": "crosscheckapi", "model": "property"}}, {"model": "contenttypes.contenttype", "pk": 13, "fields": {"app_label": "crosscheckapi", "model": "tenant"}}, {"model": "contenttypes.contenttype", "pk": 14, "fields": {"app_label": "crosscheckapi", "model": "tenantpropertyrel"}}, {"model": "authtoken.token", "pk": "0586e5f8b3efc83e976a5eaccdbaea1c19df05de", "fields": {"user": 3, "created": "2021-03-22T18:07:53.625Z"}}, {"model": "authtoken.token", "pk": "5676b91cab60f6b3903cb363b3352730d1f2afc1", "fields": {"user": 5, "created": "2021-09-19T23:11:51.580Z"}}, {"model": "authtoken.token", "pk": "6eb3fd1b813c5c02279c687c6499650eeb71f0d4", "fields": {"user": 4, "created": "2021-03-24T18:33:04.659Z"}}, {"model": "authtoken.token", "pk": "fa2eba9be8282d595c997ee5cd49f2ed31f65bed", "fields": {"user": 1, "created": "2020-08-29T13:24:27.172Z"}}, {"model": "authtoken.token", "pk": "fa3eba9be8282d595c997ee5cd49f2ed31f65bed", "fields": {"user": 2, "created": "2020-08-29T13:24:27.172Z"}}, {"model": "crosscheckapi.landlord", "pk": 1, "fields": {"user": 1}}, {"model": "crosscheckapi.landlord", "pk": 2, "fields": {"user": 2}}, {"model": "crosscheckapi.landlord", "pk": 3, "fields": {"user": 3}}, {"model": "crosscheckapi.landlord", "pk": 4, "fields": {"user": 4}}, {"model": "crosscheckapi.landlord", "pk": 5, "fields": {"user": 5}}, {"model": "crosscheckapi.payment", "pk": 2, "fields": {"date": "2021-02-01", "amount": 2000, "ref_num": "P4567655", "tenant": 2, "rented_property": 2, "payment_type": 2, "landlord": 2}}, {"model": "crosscheckapi.payment", "pk": 4, "fields": {"date": "2021-03-15", "amount": 3000, "ref_num": "R945125", "tenant": 4, "rented_property": null, "payment_type": 3, "landlord": 1}}, {"model": "crosscheckapi.payment", "pk": 5, "fields": {"date": "2021-03-01", "amount": 875, "ref_num": "E984F5", "tenant": 2, "rented_property": null, "payment_type": 2, "landlord": 1}}, {"model": "crosscheckapi.payment", "pk": 6, "fields": {"date": "2021-02-01", "amount": 2500, "ref_num": "T95155", "tenant": 6, "rented_property": null, "payment_type": 1, "landlord": 1}}, {"model": "crosscheckapi.payment", "pk": 11, "fields": {"date": "2021-03-01", "amount": 1300, "ref_num": "D4561232", "tenant": 10, "rented_property": null, "payment_type": 2, "landlord": 1}}, {"model": "crosscheckapi.payment", "pk": 12, "fields": {"date": "2021-01-02", "amount": 1200, "ref_num": "651354", "tenant": 11, "rented_property": null, "payment_type": 2, "landlord": 1}}, {"model": "crosscheckapi.payment", "pk": 13, "fields": {"date": "2021-02-02", "amount": 3000, "ref_num": "Q1T5442", "tenant": 4, "rented_property": null, "payment_type": 3, "landlord": 1}}, {"model": "crosscheckapi.payment", "pk": 14, "fields": {"date": "2021-02-01", "amount": 950, "ref_num": "52219786", "tenant": 2, "rented_property": null, "payment_type": 2, "landlord": 1}}, {"model": "crosscheckapi.payment", "pk": 15, "fields": {"date": "2021-01-01", "amount": 1650, "ref_num": "5516262", "tenant": 1, "rented_property": null, "payment_type": 4, "landlord": 1}}, {"model": "crosscheckapi.payment", "pk": 16, "fields": {"date": "2020-11-30", "amount": 1300, "ref_num": "T198D98", "tenant": 10, "rented_property": null, "payment_type": 3, "landlord": 1}}, {"model": "crosscheckapi.payment", "pk": 18, "fields": {"date": "2021-02-01", "amount": 1200, "ref_num": "3355149", "tenant": 11, "rented_property": null, "payment_type": 2, "landlord": 1}}, {"model": "crosscheckapi.payment", "pk": 19, "fields": {"date": "2021-03-01", "amount": 1000, "ref_num": "546264", "tenant": 1, "rented_property": null, "payment_type": 2, "landlord": 1}}, {"model": "crosscheckapi.payment", "pk": 25, "fields": {"date": "2021-04-02", "amount": 1300, "ref_num": "54D769", "tenant": 6, "rented_property": null, "payment_type": 3, "landlord": 1}}, {"model": "crosscheckapi.payment", "pk": 26, "fields": {"date": "2021-09-19", "amount": 1300, "ref_num": "5F4DA76", "tenant": 20, "rented_property": null, "payment_type": 1, "landlord": 5}}, {"model": "crosscheckapi.payment", "pk": 27, "fields": {"date": "2021-09-01", "amount": 1600, "ref_num": "FF8DI12", "tenant": 20, "rented_property": null, "payment_type": 4, "landlord": 5}}, {"model": "crosscheckapi.paymenttype", "pk": 1, "fields": {"label": "Cash"}}, {"model": "crosscheckapi.paymenttype", "pk": 2, "fields": {"label": "Check"}}, {"model": "crosscheckapi.paymenttype", "pk": 3, "fields": {"label": "Money Order"}}, {"model": "crosscheckapi.paymenttype", "pk": 4, "fields": {"label": "Credit Card"}}, {"model": "crosscheckapi.paymenttype", "pk": 5, "fields": {"label": "Other"}}, {"model": "crosscheckapi.property", "pk": 1, "fields": {"street": "123 Ez St.", "city": "Nashville", "state": "TN", "postal_code": "37216", "landlord": 1}}, {"model": "crosscheckapi.property", "pk": 2, "fields": {"street": "234 Ez St.", "city": "Nashville", "state": "TN", "postal_code": "37216", "landlord": 1}}, {"model": "crosscheckapi.property", "pk": 4, "fields": {"street": "9876 Main St", "city": "Columbus", "state": "GA", "postal_code": "31904", "landlord": 1}}, {"model": "crosscheckapi.property", "pk": 9, "fields": {"street": "5645 Broadway St", "city": "Nashville", "state": "TN", "postal_code": "37221", "landlord": 1}}, {"model": "crosscheckapi.property", "pk": 10, "fields": {"street": "2817 Demonbreun", "city": "Nashville", "state": "TN", "postal_code": "37226", "landlord": 1}}, {"model": "crosscheckapi.property", "pk": 11, "fields": {"street": "4225 Shelby Ave", "city": "Nashville", "state": "TN", "postal_code": "37215", "landlord": 1}}, {"model": "crosscheckapi.tenant", "pk": 1, "fields": {"phone_number": "(555)555-5555", "email": "tenant@tenant.com", "full_name": "Fox Mulder", "landlord": 1}}, {"model": "crosscheckapi.tenant", "pk": 2, "fields": {"phone_number": "(555)555-5555", "email": "tenant@tenant.com", "full_name": "Dana Scully", "landlord": 1}}, {"model": "crosscheckapi.tenant", "pk": 3, "fields": {"phone_number": "(555)555-5555", "email": "tenant@tenant.com", "full_name": "Walter P Skinner", "landlord": 2}}, {"model": "crosscheckapi.tenant", "pk": 4, "fields": {"phone_number": "(555)555-5555", "email": "frohike@frohike.com", "full_name": "Frohike", "landlord": 1}}, {"model": "crosscheckapi.tenant", "pk": 6, "fields": {"phone_number": "(615)444-4444", "email": "monica@monica.com", "full_name": "Monica Reyes", "landlord": 1}}, {"model": "crosscheckapi.tenant", "pk": 7, "fields": {"phone_number": "(615)555-5555", "email": "billy@billy.com", "full_name": "Billy Miles", "landlord": 1}}, {"model": "crosscheckapi.tenant", "pk": 8, "fields": {"phone_number": "(615)999-9999", "email": "jeff@jeff.com", "full_name": "Jeffrey Spender", "landlord": 1}}, {"model": "crosscheckapi.tenant", "pk": 10, "fields": {"phone_number": "(555)555-5555", "email": "madi@madi.com", "full_name": "Madi Peper", "landlord": 1}}, {"model": "crosscheckapi.tenant", "pk": 11, "fields": {"phone_number": "(615)555-5555", "email": "alex@alex.com", "full_name": "Alex Krycek", "landlord": 1}}, {"model": "crosscheckapi.tenant", "pk": 20, "fields": {"phone_number": "6155555555", "email": "jcrew@jcrew.com", "full_name": "J Crew", "landlord": 5}}, {"model": "crosscheckapi.tenantpropertyrel", "pk": 2, "fields": {"lease_start": "2021-03-08", "lease_end": "2022-03-08", "rent": 1500, "tenant": 2, "rented_property": 2}}, {"model": "crosscheckapi.tenantpropertyrel", "pk": 3, "fields": {"lease_start": "2019-03-01", "lease_end": "2020-03-01", "rent": 2000, "tenant": 1, "rented_property": 1}}, {"model": "crosscheckapi.tenantpropertyrel", "pk": 4, "fields": {"lease_start": "2021-03-17", "lease_end": "2021-03-19", "rent": 50000, "tenant": 2, "rented_property": 1}}, {"model": "crosscheckapi.tenantpropertyrel", "pk": 5, "fields": {"lease_start": "2021-03-01", "lease_end": "2022-07-13", "rent": 600000, "tenant": 1, "rented_property": 1}}, {"model": "crosscheckapi.tenantpropertyrel", "pk": 13, "fields": {"lease_start": "2021-03-24", "lease_end": "2022-03-24", "rent": 1300, "tenant": 6, "rented_property": 4}}]